--
-- PostgreSQL database dump
--

-- Dumped from database version 11.8
-- Dumped by pg_dump version 13.1

SET statement_timeout = 0;
SET lock_timeout = 0;
SET idle_in_transaction_session_timeout = 0;
SET client_encoding = 'UTF8';
SET standard_conforming_strings = on;
SELECT pg_catalog.set_config('search_path', '', false);
SET check_function_bodies = false;
SET xmloption = content;
SET client_min_messages = warning;
SET row_security = off;

SET default_tablespace = '';

--
-- Name: account; Type: TABLE; Schema: public; Owner: postgres
--

CREATE TABLE public.account (
    account_id integer NOT NULL,
    no_of_users bigint NOT NULL,
    sub_start_date date NOT NULL,
    sub_end_date date NOT NULL,
    account_key character varying(200) NOT NULL,
    account_name character varying(100),
    updated_time timestamp without time zone,
    updated_user bigint,
    is_active boolean
);


ALTER TABLE public.account OWNER TO postgres;

--
-- Name: account_account_id_seq; Type: SEQUENCE; Schema: public; Owner: postgres
--

CREATE SEQUENCE public.account_account_id_seq
    AS integer
    START WITH 1
    INCREMENT BY 1
    NO MINVALUE
    NO MAXVALUE
    CACHE 1;


ALTER TABLE public.account_account_id_seq OWNER TO postgres;

--
-- Name: account_account_id_seq; Type: SEQUENCE OWNED BY; Schema: public; Owner: postgres
--

ALTER SEQUENCE public.account_account_id_seq OWNED BY public.account.account_id;


--
-- Name: patient; Type: TABLE; Schema: public; Owner: postgres
--

CREATE TABLE public.patient (
    patient_id integer NOT NULL,
    phone character varying(100) NOT NULL,
    password character varying(200),
    salt character varying(100),
    "createdBy" character varying(100),
    passcode character varying(100)
);


ALTER TABLE public.patient OWNER TO postgres;

--
-- Name: patient_login_patient_id_seq; Type: SEQUENCE; Schema: public; Owner: postgres
--

CREATE SEQUENCE public.patient_login_patient_id_seq
    AS integer
    START WITH 1
    INCREMENT BY 1
    NO MINVALUE
    NO MAXVALUE
    CACHE 1;


ALTER TABLE public.patient_login_patient_id_seq OWNER TO postgres;

--
-- Name: patient_login_patient_id_seq; Type: SEQUENCE OWNED BY; Schema: public; Owner: postgres
--

ALTER SEQUENCE public.patient_login_patient_id_seq OWNED BY public.patient.patient_id;


--
-- Name: permissions; Type: TABLE; Schema: public; Owner: postgres
--

CREATE TABLE public.permissions (
    id integer NOT NULL,
    name character varying,
    description character varying
);


ALTER TABLE public.permissions OWNER TO postgres;

--
-- Name: permissions_id_seq; Type: SEQUENCE; Schema: public; Owner: postgres
--

CREATE SEQUENCE public.permissions_id_seq
    AS integer
    START WITH 1
    INCREMENT BY 1
    NO MINVALUE
    NO MAXVALUE
    CACHE 1;


ALTER TABLE public.permissions_id_seq OWNER TO postgres;

--
-- Name: permissions_id_seq; Type: SEQUENCE OWNED BY; Schema: public; Owner: postgres
--

ALTER SEQUENCE public.permissions_id_seq OWNED BY public.permissions.id;


--
-- Name: player_id_seq; Type: SEQUENCE; Schema: public; Owner: postgres
--

CREATE SEQUENCE public.player_id_seq
    START WITH 1
    INCREMENT BY 1
    NO MINVALUE
    NO MAXVALUE
    CACHE 1;


ALTER TABLE public.player_id_seq OWNER TO postgres;

--
-- Name: role_permissions; Type: TABLE; Schema: public; Owner: postgres
--

CREATE TABLE public.role_permissions (
    id integer NOT NULL,
    "roleId" integer,
    "permissionId" integer
);


ALTER TABLE public.role_permissions OWNER TO postgres;

--
-- Name: role_permissions_id_seq; Type: SEQUENCE; Schema: public; Owner: postgres
--

CREATE SEQUENCE public.role_permissions_id_seq
    AS integer
    START WITH 1
    INCREMENT BY 1
    NO MINVALUE
    NO MAXVALUE
    CACHE 1;


ALTER TABLE public.role_permissions_id_seq OWNER TO postgres;

--
-- Name: role_permissions_id_seq; Type: SEQUENCE OWNED BY; Schema: public; Owner: postgres
--

ALTER SEQUENCE public.role_permissions_id_seq OWNED BY public.role_permissions.id;


--
-- Name: roles; Type: TABLE; Schema: public; Owner: postgres
--

CREATE TABLE public.roles (
    roles_id integer NOT NULL,
    roles character varying(100) NOT NULL
);


ALTER TABLE public.roles OWNER TO postgres;

--
-- Name: roles_roles_id_seq; Type: SEQUENCE; Schema: public; Owner: postgres
--

CREATE SEQUENCE public.roles_roles_id_seq
    AS integer
    START WITH 1
    INCREMENT BY 1
    NO MINVALUE
    NO MAXVALUE
    CACHE 1;


ALTER TABLE public.roles_roles_id_seq OWNER TO postgres;

--
-- Name: roles_roles_id_seq; Type: SEQUENCE OWNED BY; Schema: public; Owner: postgres
--

ALTER SEQUENCE public.roles_roles_id_seq OWNED BY public.roles.roles_id;


--
-- Name: user_role; Type: TABLE; Schema: public; Owner: postgres
--

CREATE TABLE public.user_role (
    id integer NOT NULL,
    user_id bigint NOT NULL,
    role_id bigint
);


ALTER TABLE public.user_role OWNER TO postgres;

--
-- Name: user_role_id_seq; Type: SEQUENCE; Schema: public; Owner: postgres
--

CREATE SEQUENCE public.user_role_id_seq
    AS integer
    START WITH 1
    INCREMENT BY 1
    NO MINVALUE
    NO MAXVALUE
    CACHE 1;


ALTER TABLE public.user_role_id_seq OWNER TO postgres;

--
-- Name: user_role_id_seq; Type: SEQUENCE OWNED BY; Schema: public; Owner: postgres
--

ALTER SEQUENCE public.user_role_id_seq OWNED BY public.user_role.id;


--
-- Name: users; Type: TABLE; Schema: public; Owner: postgres
--

CREATE TABLE public.users (
    id bigint NOT NULL,
    name character varying(250) NOT NULL,
    email character varying(250) NOT NULL,
    password character varying(250) NOT NULL,
    salt character varying(250),
    account_id bigint,
    doctor_key character varying(200),
    is_active boolean,
    updated_time time without time zone,
    passcode character varying(100)
);


ALTER TABLE public.users OWNER TO postgres;

--
-- Name: account account_id; Type: DEFAULT; Schema: public; Owner: postgres
--

ALTER TABLE ONLY public.account ALTER COLUMN account_id SET DEFAULT nextval('public.account_account_id_seq'::regclass);


--
-- Name: patient patient_id; Type: DEFAULT; Schema: public; Owner: postgres
--

ALTER TABLE ONLY public.patient ALTER COLUMN patient_id SET DEFAULT nextval('public.patient_login_patient_id_seq'::regclass);


--
-- Name: permissions id; Type: DEFAULT; Schema: public; Owner: postgres
--

ALTER TABLE ONLY public.permissions ALTER COLUMN id SET DEFAULT nextval('public.permissions_id_seq'::regclass);


--
-- Name: role_permissions id; Type: DEFAULT; Schema: public; Owner: postgres
--

ALTER TABLE ONLY public.role_permissions ALTER COLUMN id SET DEFAULT nextval('public.role_permissions_id_seq'::regclass);


--
-- Name: roles roles_id; Type: DEFAULT; Schema: public; Owner: postgres
--

ALTER TABLE ONLY public.roles ALTER COLUMN roles_id SET DEFAULT nextval('public.roles_roles_id_seq'::regclass);


--
-- Name: user_role id; Type: DEFAULT; Schema: public; Owner: postgres
--

ALTER TABLE ONLY public.user_role ALTER COLUMN id SET DEFAULT nextval('public.user_role_id_seq'::regclass);


--
-- Data for Name: account; Type: TABLE DATA; Schema: public; Owner: postgres
--

COPY public.account (account_id, no_of_users, sub_start_date, sub_end_date, account_key, account_name, updated_time, updated_user, is_active) FROM stdin;
1	6	2020-02-03	2020-02-03	Acc_1	Apollo Hospitals	\N	\N	\N
2	6	2020-02-03	2020-02-03	Acc_2	Dr Kamashi Memorial Hospital	\N	\N	\N
3	6	2020-02-03	2020-02-03	Acc_3	Dr Mehtas Hospital	\N	\N	\N
4	6	2020-02-03	2020-02-03	Acc_4	HCG Cancer Center	\N	\N	\N
5	6	2020-02-03	2020-02-03	Acc_5	Kauvery Hospital	\N	\N	\N
6	6	2020-02-03	2020-02-03	Acc_6	Frontier Lifeline Hospital	\N	\N	\N
\.


--
-- Data for Name: patient; Type: TABLE DATA; Schema: public; Owner: postgres
--

COPY public.patient (patient_id, phone, password, salt, "createdBy", passcode) FROM stdin;
1	9999999994	$2b$10$AkjqDNrqBZPcNf3PP0.5/.wuXo01ol1./N.FnarBp4SdSCamdkdKS	$2b$10$AkjqDNrqBZPcNf3PP0.5/.	\N	\N
2	9999999994	$2b$10$5FIBLAhc8ZWPzzT3MVYNK.lur.6976HnuXQT.DrvNrM1ciey6FZ92	$2b$10$5FIBLAhc8ZWPzzT3MVYNK.	\N	\N
3	9999999995	$2b$10$Wek0rqGs9QkvLOyLvdz8X.dv87RD6UTr8tvuOQfTC/H8v.hM7Cd62	$2b$10$Wek0rqGs9QkvLOyLvdz8X.	\N	\N
4	9999999995	$2b$10$0GbIZnsPXhUJTX/EDIFGPuz0QcUI34m18emSQSnxxne1VzwcyfUCa	$2b$10$0GbIZnsPXhUJTX/EDIFGPu	\N	\N
5	9999999996	$2b$10$uURxkKPBX0sjopE6lfQwHeEZgUmhyAZqMb5NskDI8D.UkZAcbU0du	$2b$10$uURxkKPBX0sjopE6lfQwHe	\N	\N
6	9999999992	$2b$10$TP2dB6oh4oPiYDfUl/OJXu56LbgEj9w1G7LDHsE87pI8i4W0LrtjS	$2b$10$TP2dB6oh4oPiYDfUl/OJXu	\N	\N
7	9999999992	$2b$10$OKQ4DUQ67bukOaioxkK/pekQdo3E/pQgEJmSMk5zjoETc.L3luOty	$2b$10$OKQ4DUQ67bukOaioxkK/pe	\N	\N
8	9999999992	$2b$10$AMhkZkRI5Lo/HtFjJSqps.3hSK5CYRqmBf/yJ8GsRZV.Gls0Xr6su	$2b$10$AMhkZkRI5Lo/HtFjJSqps.	\N	\N
9	9999999992	$2b$10$oxEda8foMQw2QqCaCxM3felfd3KBuyGPrT6R85i4t3al5gFzI0Q3O	$2b$10$oxEda8foMQw2QqCaCxM3fe	\N	\N
10	9999999982	$2b$10$0aWK5LCkLqhXU7ZuuBip1OkcnJ0PWUBnz6YQ5HW1tg4nfvIgJ/b8K	$2b$10$0aWK5LCkLqhXU7ZuuBip1O	\N	\N
11	9999999982	$2b$10$yPx8lb3i8iiDAX3NZW5qWurw9paZuY9i6e9v5IGkQ5JBS5eHJvcrC	$2b$10$yPx8lb3i8iiDAX3NZW5qWu	\N	\N
12	9999999982	$2b$10$8y3jhizfqwBVO/GQgD7B8OUAHkMIuXJyagn1q/zm7U2XZQoMjrUvK	$2b$10$8y3jhizfqwBVO/GQgD7B8O	\N	\N
13	9999999982	$2b$10$s3lAaudz4J8Hjv6VOmYQk.jRamLw.peKdV1F.EwKy2oGWIpfR/Xy6	$2b$10$s3lAaudz4J8Hjv6VOmYQk.	\N	\N
14	9999999982	$2b$10$SjUd61A5Lzu3UU1jgEge7.tLcelOuZQ4HOF2VgZ8HYLLSp9bPPeie	$2b$10$SjUd61A5Lzu3UU1jgEge7.	\N	\N
15	9999999982	$2b$10$myIBzMa2/GMfrmGLxG0j5.WOsnB71T3pvWRTCCB0W4QvmBlUSRSYW	$2b$10$myIBzMa2/GMfrmGLxG0j5.	\N	\N
16	9999999982	$2b$10$YfHL0T9hVZaSBiPNBk32lOPXXOGItGKtSEzlKZpWyW.8va9J1Vfsa	$2b$10$YfHL0T9hVZaSBiPNBk32lO	\N	\N
17	9999999982	$2b$10$DvbTmMrREeo2HkTAp/bnA.4sxTtaMg/Z94KXLTC9P2hHXr88atrYG	$2b$10$DvbTmMrREeo2HkTAp/bnA.	\N	\N
18	9999999982	$2b$10$7SrFxxTUQHwAZFMcBN6XsuSuoQ8GZOv9YYEjLcEeSUyO7juMrOwf6	$2b$10$7SrFxxTUQHwAZFMcBN6Xsu	\N	\N
19	9999999982	$2b$10$4gMudTMve9w8XiPTTSurEeK/rxJQh6q//Bl9O9D7yT8MmjBwuTYp6	$2b$10$4gMudTMve9w8XiPTTSurEe	\N	\N
20	9999999982	$2b$10$d9VTNkhCyp6Os0FwImrMhOyE2qaY9FePY8SXLqLLDkwH2JBYcbaIO	$2b$10$d9VTNkhCyp6Os0FwImrMhO	\N	\N
21	9999999982	$2b$10$BimWh3GvukHzBAYIlZGCbOdbx0BMSVwWowaNmSvcvs6sRkTwVWuTO	$2b$10$BimWh3GvukHzBAYIlZGCbO	\N	\N
22	9999999982	$2b$10$xF9EerYBJjTtyXyL.1qPxu2sHACLzkUROYe3fE1/54UruQqZXcCVy	$2b$10$xF9EerYBJjTtyXyL.1qPxu	\N	\N
23	9999999982	$2b$10$FCDrKClhzWJyzItBESEEhuYJ55j1VWWBectw6xHVFbhTRREtHYSJi	$2b$10$FCDrKClhzWJyzItBESEEhu	\N	\N
24	9999999982	$2b$10$XOXFR1WRw1fCBo1opxH8SuVYhSSXvslU6dmEZRsWofRfAvro7DMNe	$2b$10$XOXFR1WRw1fCBo1opxH8Su	\N	\N
25	9999999992	$2b$10$AYxoA9uekhyWfEQrSt.T0OCwmG4gI2mbs4SyPRfxh.spp0nwXX/B.	$2b$10$AYxoA9uekhyWfEQrSt.T0O	\N	\N
26	9999999992	$2b$10$e0aKlLwJgPFftM4ZUo9r3OSEYAYEx/caHESwEm7CySmsCd2tjavHm	$2b$10$e0aKlLwJgPFftM4ZUo9r3O	\N	\N
27	9999999992	$2b$10$8Nx7PigpU46CKQT3RZfWYev31B7lAwF.K3sbFN62tlFSFjt9dX3x6	$2b$10$8Nx7PigpU46CKQT3RZfWYe	\N	\N
28	9999999992	$2b$10$XXngOXEGRVD5I/slueiTkOsXWCO9Qz1aXZCzMzkRtpg2Ibmbf2mCW	$2b$10$XXngOXEGRVD5I/slueiTkO	\N	\N
29	9999999992	$2b$10$X76Z5OflIkVMt7zF8CPMjeEnERtzuIx7VVIXu2uVxW2gS7YFSScOu	$2b$10$X76Z5OflIkVMt7zF8CPMje	\N	\N
30	9999999992	$2b$10$upakEsRq6bN.9zquu50gfexfXXYLumrPS2eMFGc1VLJgjun6QtB5q	$2b$10$upakEsRq6bN.9zquu50gfe	\N	\N
31	9999999992	$2b$10$0JEZaIsixsHfBAnOuQDdxeSMSiuPNJCb6DnZcDDSWp4DLRbqz2u/6	$2b$10$0JEZaIsixsHfBAnOuQDdxe	\N	\N
32	9999999992	$2b$10$Ky5gwXTzOpuIqBojnTnkT.YAzotzW3I6f9DO7BZGwWTTPclBn.HLu	$2b$10$Ky5gwXTzOpuIqBojnTnkT.	\N	\N
33	9999999992	$2b$10$vd/aYiiJpQcZLC7bbecUV.Mt4Y4RMWbwUGpy5Bo.ExukZ6q9lGEWm	$2b$10$vd/aYiiJpQcZLC7bbecUV.	\N	\N
34	9999999992	$2b$10$HS0F96ibu2/D4cOxEn8.rOuN6EjacJ40tamNkRyQYtJbClShQV7d6	$2b$10$HS0F96ibu2/D4cOxEn8.rO	\N	\N
35	9999999992	$2b$10$fhuxDS61BblMbF3JJ8QMt.KL0GrdUcPLPwYj8QKySs1borwKafFoC	$2b$10$fhuxDS61BblMbF3JJ8QMt.	\N	\N
36	9999999992	$2b$10$ZWJHo/y4vgSxUfgNXlP0qehSs0ByHA4bSea5Gmu.qA8nwg/e03mmq	$2b$10$ZWJHo/y4vgSxUfgNXlP0qe	\N	\N
37	9999999992	$2b$10$k3p4ENthET7Y2yOrAO6mmeIJ./xvKqhoOCSCgeUBz8iZ2Km5iwIhC	$2b$10$k3p4ENthET7Y2yOrAO6mme	\N	\N
38	9999999992	$2b$10$dUgDWPClinj9zxYlkAxJUevMPL7iW5SxYjnVZ17xI9y9h7fl6v5Ru	$2b$10$dUgDWPClinj9zxYlkAxJUe	\N	\N
39	9999999992	$2b$10$4S.DjIBGpJIFidpmr2RbzeXR3O/cEWDu87E0VlnSm57u4NpeVkjiC	$2b$10$4S.DjIBGpJIFidpmr2Rbze	\N	\N
40	9999999992	$2b$10$HQVDhdxISq702.PkUydpOeyaoQiFcMBVnUHEnu22Dc4n353sZ51vy	$2b$10$HQVDhdxISq702.PkUydpOe	\N	\N
41	9999999992	$2b$10$./hIb9r1AX1HwvBShf4koeKd2vewzEZPkdEEKdPRMBUydHuo6P8om	$2b$10$./hIb9r1AX1HwvBShf4koe	\N	\N
42	9999999992	$2b$10$.KpxfXoeE1We40vNGrCJxOQsukytHIflxK/wMZ.FW5Wniz.m/kt5O	$2b$10$.KpxfXoeE1We40vNGrCJxO	\N	\N
43	9999999992	$2b$10$Z/JnoZqLdQog73mlTeLszOK8VQPDICChA5qto91CAH5PwM4rCln3S	$2b$10$Z/JnoZqLdQog73mlTeLszO	\N	\N
44	9999999992	$2b$10$nR2ZIOYLW5m7SihYkXRYxO57YRZE1XL453j1bY4.sIY9IqVn4FAGS	$2b$10$nR2ZIOYLW5m7SihYkXRYxO	\N	\N
45	9999999992	$2b$10$lr7MTSvJGaobn.l5N.HyyetFA9r5yBV3M1o1huEVwrKCb3BggYriK	$2b$10$lr7MTSvJGaobn.l5N.Hyye	\N	\N
46	9999999992	$2b$10$BDkLaklEbF2b.YHzc0b6LOXz6pJiYemPa2XPxBYGEKfjXPUqLL6Ua	$2b$10$BDkLaklEbF2b.YHzc0b6LO	\N	\N
47	9999999992	$2b$10$1Tybcfr5PB7gJy1cgJnfA.sU1GFbWmokXxWYe4lAhze4NvdT9pFFy	$2b$10$1Tybcfr5PB7gJy1cgJnfA.	\N	\N
48	9999999992	$2b$10$P4gByxFZYWZTcvJsRy55ZOd3fHEp9bwyCKyPjObXQS4En9JkVnqWS	$2b$10$P4gByxFZYWZTcvJsRy55ZO	\N	\N
49	9999999992	$2b$10$43WY8iXfI1nDqNZ/HwRePuqnJZ9jlL484QNPaCvIkNehq4.t18p6a	$2b$10$43WY8iXfI1nDqNZ/HwRePu	\N	\N
50	9999999992	$2b$10$iPTg4csyDIzzuEd./fAGou9DNADplQ0sSGBysLXo2PxXykrzPUpIm	$2b$10$iPTg4csyDIzzuEd./fAGou	\N	\N
51	9999999992	$2b$10$aRP5ibF/XdZH2k9LFtBZ9eAy4hx/wnZ7cAhZ58SQYtbGQV92ADyFm	$2b$10$aRP5ibF/XdZH2k9LFtBZ9e	\N	\N
52	9999999992	$2b$10$RJNXCUbIR3XciEoFNPuxNOUvdLJ96JG/.D4DHLut4aMoW3oUGicrm	$2b$10$RJNXCUbIR3XciEoFNPuxNO	\N	\N
53	9999999992	$2b$10$dKPmYavNDMxhgEk03vRNd.8B87WvlqJoo6EzCAvtvzhOWw3H8s6bS	$2b$10$dKPmYavNDMxhgEk03vRNd.	\N	\N
54	9999999992	$2b$10$BW2rovV77fcZtJCIXCg8yeTuOKWBjnPE8krTz8/.IE3bumRpZ80lu	$2b$10$BW2rovV77fcZtJCIXCg8ye	\N	\N
55	9999999992	$2b$10$Z.oFMPZf3v305xq/JiVo8OiaIUm4Hh7FqNE5DnCSFwEHuYmiKv7Lq	$2b$10$Z.oFMPZf3v305xq/JiVo8O	\N	\N
56	9999999992	$2b$10$hWlqGTZnWL.NQYaqyzs3A.n8fLAwTVSDd0.pGVr73tCekevqFFSDK	$2b$10$hWlqGTZnWL.NQYaqyzs3A.	\N	\N
57	9999999992	$2b$10$i/S1S7LXlX.jLF9S8Hc6Ne.ejvD.Qsvpa0c1vzLEvJFAjO6rAkBni	$2b$10$i/S1S7LXlX.jLF9S8Hc6Ne	\N	\N
58	9999999992	$2b$10$tapqbhwlCHPT04BIEc3OIOgPzmDpE1zlra2WgayKzt8CT4cQ8L56m	$2b$10$tapqbhwlCHPT04BIEc3OIO	\N	\N
59	9999999992	$2b$10$SXkBk.SFfxk1dQUFwZmaVu.pvR4v5Z/3pIkCmiu91VWc95p3KoXvq	$2b$10$SXkBk.SFfxk1dQUFwZmaVu	\N	\N
60	9999999992	$2b$10$RcIcpAS0IduWaZey56AhNe3bOjplSRfUY6y3XWcP76Z3hQKTJ3TL6	$2b$10$RcIcpAS0IduWaZey56AhNe	\N	\N
61	9999999992	$2b$10$CZITQ1Bf2B4NdP58OC6aJuQE4I/At8XywkPGAMhHshpeSF0I3YULe	$2b$10$CZITQ1Bf2B4NdP58OC6aJu	\N	\N
62	9999999992	$2b$10$qgxyYcrLIGSwIE.IMO1koe2GxOmESTwKB2K5pGuWihCAGLN3gBqhC	$2b$10$qgxyYcrLIGSwIE.IMO1koe	\N	\N
63	9999999992	$2b$10$VuzBXyJtf3C3uFwEmVbdKOBB0xKMUBCH9KRxxdAe.1d7ei4Necniu	$2b$10$VuzBXyJtf3C3uFwEmVbdKO	\N	\N
64	9999999992	$2b$10$CopioVKvXm3o1RhmqORjV.yKRC0qTTVtlnUwSlM7s6YzZXCitvyG2	$2b$10$CopioVKvXm3o1RhmqORjV.	\N	\N
65	9999999992	$2b$10$x.3tu4h6wNSbChiYU1EnjuxbUIph5tphDJ97ccmEfKPRG3bBTJ/aK	$2b$10$x.3tu4h6wNSbChiYU1Enju	\N	\N
66	9999999992	$2b$10$ILhI6UgjNZndWwsMsThrGexZcpgkMaU6boeDZIFedmAXu78TM1uY2	$2b$10$ILhI6UgjNZndWwsMsThrGe	\N	\N
67	9999999992	$2b$10$U5yNHzmSqR1uHZBOdBbA4etWhdMguaz1ZSbj4RCj.Hn5ZTMVMJuhO	$2b$10$U5yNHzmSqR1uHZBOdBbA4e	\N	\N
68	9999999992	$2b$10$qSJDHrGNovQSf.8/sbb/guuPAKLqAYD2AiTNtHMjxymtZKLvMR1qG	$2b$10$qSJDHrGNovQSf.8/sbb/gu	\N	\N
69	9999988992	$2b$10$ZlEQhmFoZUtGo4PmZ9F9y.iqIZbDxsriMhHJTRNjixESmTnEnpXNS	$2b$10$ZlEQhmFoZUtGo4PmZ9F9y.	\N	\N
70	9999988992	$2b$10$1N8pvUGy5UMSdoFs2l0ZSey3l/bzgayMasKc5Y/Bp4F69K3SwVXuy	$2b$10$1N8pvUGy5UMSdoFs2l0ZSe	\N	\N
71	9999988992	$2b$10$qoI/GOr1pia3r7RG3uPd8eHbjy.kLuWkxMKg3HBYOG1ysb6CdMTBe	$2b$10$qoI/GOr1pia3r7RG3uPd8e	\N	\N
72	9999988992	$2b$10$jH53jcKfOdHDOXt7mbrQ8OwsF8loE6bbI4ZeF0.2xOj/7bjNVZOwO	$2b$10$jH53jcKfOdHDOXt7mbrQ8O	\N	\N
73	9999988992	$2b$10$jAO1PQHUv4D/XlzPtoNeWuJPSRbYXNCAVyO1giUW2EE4yJgJ1Lryi	$2b$10$jAO1PQHUv4D/XlzPtoNeWu	\N	\N
74	9999988992	$2b$10$YYbIB2vbb2bcKJbqY4nlQuSxmEBs2unuiriezpbmBDvjqQMnI5ROK	$2b$10$YYbIB2vbb2bcKJbqY4nlQu	\N	\N
75	9999988992	$2b$10$pcMm4b9M6a6fOa4AovPgnO/TtXTUmOaBELebI64C9xbfsp/w0SZee	$2b$10$pcMm4b9M6a6fOa4AovPgnO	\N	\N
76	9999988992	$2b$10$cNl2UIyZBJhdGmuxSBM4a.hNKfWh/tfvFDfNg3sqkFGO7xmxcRpJ6	$2b$10$cNl2UIyZBJhdGmuxSBM4a.	\N	\N
77	9999999992	$2b$10$2IDXlmo34gRVRShs5JolAeNThC083DSeYByATC0aAW1HZhBB4d8HK	$2b$10$2IDXlmo34gRVRShs5JolAe	\N	\N
78	9999999992	$2b$10$XhDdpSXj/qUAeb9lgot20Opsv.ly7jc1j/aG3JqQF8MszwMapAO3G	$2b$10$XhDdpSXj/qUAeb9lgot20O	\N	\N
79	9999999992	$2b$10$B/NTGwQE7gwNi7rnmYp6qecI/2EI6n3oBmATQcOtD8S.kpnBZRuPu	$2b$10$B/NTGwQE7gwNi7rnmYp6qe	\N	\N
80	9999999993	$2b$10$4B5D4NOpgJCp9lOaE03cKeKQTzXp9L6KpWkXc/XBcE32mzmNDjm2y	$2b$10$4B5D4NOpgJCp9lOaE03cKe	\N	\N
81	9999299992	$2b$10$A4tWIiXXPsXf7IWjes.XE.iCSOBodOqHU7v1mTEtSjSBcqK3of./G	$2b$10$A4tWIiXXPsXf7IWjes.XE.	\N	\N
82	9999988888	$2b$10$1j/bYLjQdZgkQIpDZjoQoe.oaBymGBZH9hE/BASZ1MgFrNTDrEJ0m	$2b$10$1j/bYLjQdZgkQIpDZjoQoe	\N	\N
83	7777766666	$2b$10$CUgPQtV9Zda8kuIw5ECnV.Mk1YwS6g/ilkbZlebb23IDvleALrwt2	$2b$10$CUgPQtV9Zda8kuIw5ECnV.	\N	\N
84	6666688888	$2b$10$T.UBgEbhtcB6kyf8Bj3ARuXrnnvPM4xo8FQl2lkEf9r7bwFWp03rq	$2b$10$T.UBgEbhtcB6kyf8Bj3ARu	\N	\N
85	9999999999	$2b$10$/Cp1fgkKZ/gDbMksRC5q9uuZ6uWnnC.3KsceVCsa5/tRLFo1Ww0OS	$2b$10$/Cp1fgkKZ/gDbMksRC5q9u	\N	\N
86	9999999999	$2b$10$rZ3/Xk0CFzjHgXc6NB5HjeLXqV1fBa/7Sir2xxXnzFzro8NzXG3tm	$2b$10$rZ3/Xk0CFzjHgXc6NB5Hje	\N	\N
87	8594236789	$2b$10$Bk5LmjOk57z8DdoH5EmB8euDbFWfTndRi.OkHEp0A4b3q9AH9.FPK	$2b$10$Bk5LmjOk57z8DdoH5EmB8e	\N	\N
88	9543684236	$2b$10$acnjJ3kba49go9.y.IJbNO.ja.QkohN8rmf8IdFZ/dbDv7NXnenqC	$2b$10$acnjJ3kba49go9.y.IJbNO	\N	\N
89	6576579579	$2b$10$cKztHiG.G6KS427ok3z2vuliTedi9FC0st05YD.In4lszxWfsNP3O	$2b$10$cKztHiG.G6KS427ok3z2vu	\N	\N
90	8877665544	$2b$10$nTd2s1LwO.Zoqj6baqslZuphw1SLyYwcpg53dcFZtdmZNnmA/aFaO	$2b$10$nTd2s1LwO.Zoqj6baqslZu	\N	\N
91	7766554433	$2b$10$VtEz41OvAPdMlA8d/PeHkea9zwGlhn6dZNcTU.P0of6HEH8bVqaZK	$2b$10$VtEz41OvAPdMlA8d/PeHke	\N	\N
92	9888888888	\N	\N	\N	\N
93	9191919191	\N	\N	\N	\N
94	9999990000	\N	\N	\N	\N
95	9999900000	\N	\N	\N	\N
96	9999900001	\N	\N	\N	\N
97	9999900002	\N	\N	\N	\N
98	9999900003	\N	\N	\N	\N
99	9999900004	\N	\N	\N	\N
100	9999900005	\N	\N	\N	\N
101	9999900006	\N	\N	\N	\N
102	9999900007	\N	\N	\N	\N
103	9999900008	\N	\N	\N	\N
104	9666666666	\N	\N	\N	\N
106	9999900013	\N	\N	DOCTOR	\N
107	9999900014	\N	\N	DOCTOR	\N
108	9999900464	$2b$10$j19EMIipze/Wdy3pmd3ZDuAV3FiQShNjaBUgOBk/vOgryy1BKBDt6	$2b$10$j19EMIipze/Wdy3pmd3ZDu	PATIENT	\N
109	9999900466	$2b$10$TNrDnvpGbc1EAtFZ5VP4E.cQ0emg6eWdcdsG/Ke8FdBNtyCOdR2Za	$2b$10$TNrDnvpGbc1EAtFZ5VP4E.	PATIENT	\N
110	9999900015	\N	\N	DOCTOR	\N
111	9999999461	$2b$10$BIPbZ6Hg.Sd7Nfya/sigjuQ.eTMMkj19YAWYnvzJYA5GMHItwfhsS	$2b$10$BIPbZ6Hg.Sd7Nfya/sigju	PATIENT	\N
112	9999999980	\N	\N	DOCTOR	\N
113	5456465456	$2b$10$sTSDnmlCNcvtq0ufsEgSweBHRl4jVdCY0z3KZ60XOXWr2t0YeoKme	$2b$10$sTSDnmlCNcvtq0ufsEgSwe	PATIENT	\N
114	2342323434	$2b$10$m1zYXlLpisd8QDJQGUXghOJH0pEqBBqA9hDYceWUF5WT6eGDNcqMW	$2b$10$m1zYXlLpisd8QDJQGUXghO	PATIENT	\N
115	2342342343	$2b$10$wcCjzVhOnFvRGykMPOuLoOnIzWIjyHdwVxOs2dONPkWqycFTe9tWe	$2b$10$wcCjzVhOnFvRGykMPOuLoO	PATIENT	\N
116	2432342342	$2b$10$sav79yctqC9znyaOvCG2HerSOp1FD7mah45t2lTDU0CwlKl5oZkha	$2b$10$sav79yctqC9znyaOvCG2He	PATIENT	\N
117	2342342333	$2b$10$xWE0nbIUCjbYPhl/Qc6PEerYmUEtEWyC.bBTc7wIyow6G2u3Sape2	$2b$10$xWE0nbIUCjbYPhl/Qc6PEe	PATIENT	\N
118	2342342222	$2b$10$0p8a5EY24RbXLi12CEP8qeibVApndmq53mDFeW4Gpa12EZasF1OJ6	$2b$10$0p8a5EY24RbXLi12CEP8qe	PATIENT	\N
119	7358916662	$2b$10$y/7vkysqIhkYklChqV2xVuXnlsneycLauG3sKVkspfUIio10p.ucK	$2b$10$y/7vkysqIhkYklChqV2xVu	PATIENT	\N
120	7358916682	$2b$10$GZnTnjt./6qHSq4FKzWqa.gGdI2t2TbDgESpfZ5mRBmsXP34IwqAS	$2b$10$GZnTnjt./6qHSq4FKzWqa.	PATIENT	\N
121	8499678498	\N	\N	DOCTOR	\N
122	9875647499	\N	\N	DOCTOR	\N
123	9867858989	\N	\N	DOCTOR	\N
124	9879879876	\N	\N	DOCTOR	\N
125	9634578524	$2b$10$ZRDp9yjBGQbUOd9x/kDfkORmmewupOA7h89l2eAdxiHnZ8hbweBB6	$2b$10$ZRDp9yjBGQbUOd9x/kDfkO	PATIENT	\N
126	9999999997	$2b$10$wuvrne5rnQK1zJp8w3kWqOpmKyBFW8AzCTitJNNgpYaBbuE4j0rRy	$2b$10$wuvrne5rnQK1zJp8w3kWqO	PATIENT	\N
127	9999999991	$2b$10$PUl.aX.FgnyqG9puKI.Oz.oGOUYaN1Dzhgb0/7kGyUv88213cXBUi	$2b$10$PUl.aX.FgnyqG9puKI.Oz.	PATIENT	\N
128	9999999990	$2b$10$ceV7EMjOkWg2QcwWJF9MKegv.5ax75La8j0xVjv67moSEIxZJ63RS	$2b$10$ceV7EMjOkWg2QcwWJF9MKe	PATIENT	\N
129	9999999998	$2b$10$gBi25dPRl8uCvnMPKs5KFugRoiZ7Ev5CXYKADt9HCLy5lJYHHtbxe	$2b$10$gBi25dPRl8uCvnMPKs5KFu	PATIENT	\N
130	9999966666	$2b$10$.dLJu9M9xbS16guSuwBFm.cIp9bUKpc10k.j6BTFpEcn3SlSAIJrK	$2b$10$.dLJu9M9xbS16guSuwBFm.	PATIENT	\N
131	9966884471	\N	\N	DOCTOR	\N
132	9966448875	\N	\N	DOCTOR	\N
133	9966884476	\N	\N	DOCTOR	\N
134	9966884477	\N	\N	DOCTOR	\N
135	7777788888	\N	\N	DOCTOR	\N
136	6666655555	$2b$10$v8Ea136rfkO2t1.NtewYSuxa5G6CauJrE91TScTYKRTJu0oAxkNcS	$2b$10$v8Ea136rfkO2t1.NtewYSu	PATIENT	\N
137	7766889944	\N	\N	DOCTOR	\N
138	9638527410	\N	\N	DOCTOR	\N
139	9898989898	\N	\N	DOCTOR	\N
140	8978978971	\N	\N	DOCTOR	\N
141	8798121212	\N	\N	DOCTOR	\N
142	7896541230	\N	\N	DOCTOR	\N
143	9996667777	\N	\N	DOCTOR	\N
144	9873535252	\N	\N	DOCTOR	\N
145	9898989891	\N	\N	DOCTOR	\N
146	9111111111	\N	\N	DOCTOR	\N
147	9895969595	\N	\N	DOCTOR	\N
148	8527419632	\N	\N	DOCTOR	\N
149	7893214562	\N	\N	DOCTOR	\N
150	8682866222	$2b$10$VIKEJMKNM5OxX/Es0vgTkuumI5b1oUxh2vAwqXKYgxzLVk5PqEuXm	$2b$10$VIKEJMKNM5OxX/Es0vgTku	PATIENT	\N
151	8870527821	$2b$10$ODMdDbmu4/0XHghkI/Gzmu0w08tQlnoipkXbrqYogyIM1WOFOUwdS	$2b$10$ODMdDbmu4/0XHghkI/Gzmu	PATIENT	\N
152	9652147787	$2b$10$HHbnY907/iksgGQemgBu1.jJGHWgasA7I/Ma2LqcAIMIYioRNIiZe	$2b$10$HHbnY907/iksgGQemgBu1.	PATIENT	\N
153	9398341783	$2b$10$iDQLQeXG01VI.05I/qR2hOVm3rOSFtb5F4bxLIGua8uh20buuZud6	$2b$10$iDQLQeXG01VI.05I/qR2hO	PATIENT	\N
154	9398341784	$2b$10$SPtmr2s3/MZG4s1PVq9KwewfPQaX4FXsfwClXqB.wdv7in8UocLx2	$2b$10$SPtmr2s3/MZG4s1PVq9Kwe	PATIENT	\N
155	9398341785	$2b$10$HQEZ5rVMA4GxQKViNVW8LO7SgQ1JHWUz0egi1W9zx8UhxBc/DvUqW	$2b$10$HQEZ5rVMA4GxQKViNVW8LO	PATIENT	\N
156	9398341786	$2b$10$sVtv1O4KPgq59o8v8.wnVulhixaax4dYVtxg3n9UOwelJYvVOOER.	$2b$10$sVtv1O4KPgq59o8v8.wnVu	PATIENT	\N
157	9398341787	$2b$10$XRvCZ4GCYwWhl9A96xEDEeERkyJ9Y7O5utXCsGcrdBVp.bdFSF3BS	$2b$10$XRvCZ4GCYwWhl9A96xEDEe	PATIENT	\N
158	9398341788	$2b$10$B6naJJQEnuQFpt2iORwGE.X701wfgnMZDfgqSYNEitJTXz23emEWe	$2b$10$B6naJJQEnuQFpt2iORwGE.	PATIENT	\N
159	9398341789	$2b$10$AW8jKRIQ3JW6b5Re3U.Hsutw.3TznuaRsvGuejx/mgJYX31iHLY2W	$2b$10$AW8jKRIQ3JW6b5Re3U.Hsu	PATIENT	\N
160	8122977247	$2b$10$RZLI8vSiPlurAcK5LqJY9e0h4UUvIp7U6XjsDK1TQAISU4a1pU6NC	$2b$10$RZLI8vSiPlurAcK5LqJY9e	PATIENT	\N
161	8122977247	$2b$10$uUthbIc1P8g81XN4dBZf2OwDKabH3OPFddnN98tfzWPFOx/fYDdxK	$2b$10$uUthbIc1P8g81XN4dBZf2O	PATIENT	\N
162	8870377136	$2b$10$aOR8G99jCRvQKm.wVmZJHugrt2Eb3Np8PRdKOeMOgjjTcpahl/tsS	$2b$10$aOR8G99jCRvQKm.wVmZJHu	PATIENT	\N
163	8870377136	$2b$10$7gVj.TF62KHTZ7.YL6LeROwLdCLVRT4g5MxvgP/BaiTcAZncPwsbi	$2b$10$7gVj.TF62KHTZ7.YL6LeRO	PATIENT	\N
164	9513471534	$2b$10$MNKZPo5eubjwXocQjmubjuF/fG4PPt0SfZTwXTZST70uzRy8sHOkG	$2b$10$MNKZPo5eubjwXocQjmubju	PATIENT	\N
165	9513471534	$2b$10$XdUd2FPZTZna4OL.pQnF5e5EsrJoAGtsHWxZVwMZPuUb2G80C1ExK	$2b$10$XdUd2FPZTZna4OL.pQnF5e	PATIENT	\N
166	9791946880	$2b$10$Z1bgPaHMBsURgwkKqNglr.0Kl/zw/1Z88QAN///uEd5IjEsPuT76S	$2b$10$Z1bgPaHMBsURgwkKqNglr.	PATIENT	\N
167	9791946880	$2b$10$W9dvMMyESsr0Cx3F7IyR4eAeC6iO1V28.2HCi2/.6awfMqlfvNy.q	$2b$10$W9dvMMyESsr0Cx3F7IyR4e	PATIENT	\N
168	9513471536	$2b$10$ZJUcnWDD5G9WuFFwVuny.O4snWJmKg436hfunSSGhw2PtyQL6Wk26	$2b$10$ZJUcnWDD5G9WuFFwVuny.O	PATIENT	\N
169	9513471536	$2b$10$n.3wMYAmLQil2HP2/jqybuypHEtdz4kjCNDUv5UrrYqCDCvRsgsWK	$2b$10$n.3wMYAmLQil2HP2/jqybu	PATIENT	\N
170	7878787870	$2b$10$bbrFtBu8oMX6mFAbFtPy7uXAHOv3KyvCsmKSnQ6F0iJJDvJF4UPcm	$2b$10$bbrFtBu8oMX6mFAbFtPy7u	\N	\N
171	9513467234	$2b$10$d5lAy9HjKbEUziXIq2Pe9.HlgxZWpX9WjJpWUpSsJ60bynE3cj9IC	$2b$10$d5lAy9HjKbEUziXIq2Pe9.	PATIENT	\N
172	9513467234	$2b$10$/qxw5J13R5W7vU5dZExjXukvjPInzHv3LgjMMc2Hp5VAHts8l.uJ6	$2b$10$/qxw5J13R5W7vU5dZExjXu	PATIENT	\N
173	9888888889	$2b$10$G9K7by5uKC9rXaJc40JKgezO6ZKRya5k4DJ0nLE55Fk9ZUtrjCdWi	$2b$10$G9K7by5uKC9rXaJc40JKge	PATIENT	\N
174	9888888889	$2b$10$zxo2DnkeFo6bn0Lgn3GONOEw568Pv/ij2yqe4r5JEBufSTp3HuKUe	$2b$10$zxo2DnkeFo6bn0Lgn3GONO	PATIENT	\N
175	9888888889	$2b$10$0N6JbLb3Ycfp97y6HYqhxODZ4EwHLF5BBpKrRDTw.6OqvhC6N5tGm	$2b$10$0N6JbLb3Ycfp97y6HYqhxO	PATIENT	\N
176	9888888889	$2b$10$ivRzIOT4aOzPWqGPRA7JWOdC1PSVtmCSBGzA4Oj9T6fHMI6AflwwO	$2b$10$ivRzIOT4aOzPWqGPRA7JWO	PATIENT	\N
177	9989074099	$2b$10$gT6.K9bTMqG6ZNiI3kgzNOeGYJPCGpL90TJeKT9ChtE8H6ajF6ejm	$2b$10$gT6.K9bTMqG6ZNiI3kgzNO	PATIENT	\N
178	9989074099	$2b$10$SroHLwtnfRUvoF./vf3EyOCwZq/3s6PE1WOcmTP4RRQI.0yTKq2Cy	$2b$10$SroHLwtnfRUvoF./vf3EyO	PATIENT	\N
179	7896523014	$2b$10$XKW5c8m/i5fS8iZ6bSH3x.qihave/yzWtxwg1fKa9KOzn8EoTUiSq	$2b$10$XKW5c8m/i5fS8iZ6bSH3x.	\N	\N
180	9640564099	$2b$10$nPG3v4yxKDX1dkrAKVCYW./qsU7YlbsyjlX./..kN97fL9J5lWa6G	$2b$10$nPG3v4yxKDX1dkrAKVCYW.	PATIENT	\N
181	9640564099	$2b$10$WGuOiC8neLfa1fCMGyDp7ufCZPnF60Mj3ISUS8H9MApYAO9ARFN.C	$2b$10$WGuOiC8neLfa1fCMGyDp7u	PATIENT	\N
182	8888888888	$2b$10$.Q5hC4dRYSyAIpkKIsevn.vNso4GKd9wbr8lpavYU2QpjHUYZj21q	$2b$10$.Q5hC4dRYSyAIpkKIsevn.	PATIENT	\N
183	8888888888	$2b$10$PcMwKzBrxIJ9z9CKxzUIUuiEkkqID08Zv7aiZH7ueRtt2tZ0M4JbC	$2b$10$PcMwKzBrxIJ9z9CKxzUIUu	PATIENT	\N
184	9090909090	$2b$10$f5heP9zlDYMX3GflkCZwweVTfEQd3GXlKjYGQGn1Vz/oPD7pZeGRK	$2b$10$f5heP9zlDYMX3GflkCZwwe	PATIENT	\N
185	9090909090	$2b$10$3BbHY5Job78GX8TcSCqLK.6GQ3zKNTfG7kurS6wdy4GRlcso73tXO	$2b$10$3BbHY5Job78GX8TcSCqLK.	PATIENT	\N
186	8888888889	$2b$10$W1/ijbX0/vHPU03BriEyD.eQ1dL.M3SoawQAD2ao9ZjXBYr4iC8XS	$2b$10$W1/ijbX0/vHPU03BriEyD.	PATIENT	\N
187	8888888889	$2b$10$BNb4e6jLOjnrFry5mHrlE.4TQs.igDfrmbq3appLXYydYtHlDGpyO	$2b$10$BNb4e6jLOjnrFry5mHrlE.	PATIENT	\N
105	9876543210	$2b$10$gfgRQW8DffXfOMi8lF.urOTX.pZyXBKD10wRECYGASaW/V7sFrng.	$2b$10$gfgRQW8DffXfOMi8lF.urO	PATIENT	\N
188	9640564077	$2b$10$noBOeRSGdsHCKDpvv8CzHOO0NFy14UjnVSPBCVjkyZ3QD/uDch/1y	$2b$10$noBOeRSGdsHCKDpvv8CzHO	PATIENT	\N
189	9640564077	$2b$10$QetzjsODLWzTpjy3.rywqOo.X4Jj2IzhxeJM5S0hI/YTSj4iteu0W	$2b$10$QetzjsODLWzTpjy3.rywqO	PATIENT	\N
190	9999999000	$2b$10$UoXImXZ/aZ9J1Dwrjzt45.oQq7LgUD3Thfw8BVvQheBIXl4jbTuMa	$2b$10$UoXImXZ/aZ9J1Dwrjzt45.	PATIENT	\N
191	9999999001	$2b$10$IEwC.Kp1P4ot./PMFbvjZOJTC.sj9/j3kRerUzf927dQzpwLqw066	$2b$10$IEwC.Kp1P4ot./PMFbvjZO	PATIENT	\N
194	9550184642	\N	\N	DOCTOR	\N
195	9550184642	\N	\N	DOCTOR	\N
192	7569646045	$2b$10$L4VV8dc3rghuhYxI9dd6Vu5Lo85ViETMK8ux1xv4G5RFjtjgwm3h.	$2b$10$L4VV8dc3rghuhYxI9dd6Vu	PATIENT	\N
193	7569646045	$2b$10$L4VV8dc3rghuhYxI9dd6Vu5Lo85ViETMK8ux1xv4G5RFjtjgwm3h.	$2b$10$L4VV8dc3rghuhYxI9dd6Vu	PATIENT	\N
196	7569646046	$2b$10$1MjNPaptF4HEi23E77EW0eEfJuh5uTFSVGty50KSeiuDsmtjx7AGC	$2b$10$1MjNPaptF4HEi23E77EW0e	PATIENT	\N
197	7569646046	$2b$10$lenbc9NacqNiW/iwCg2O8eJWPl3g7iqU.5dLqeWtBEtV9XP8y5FcS	$2b$10$lenbc9NacqNiW/iwCg2O8e	PATIENT	\N
198	9874512456	\N	\N	DOCTOR	\N
199	9874512456	\N	\N	DOCTOR	\N
200	9874521452	\N	\N	DOCTOR	\N
201	9874521452	\N	\N	DOCTOR	\N
204	8781374185	\N	\N	DOCTOR	\N
205	8781374185	\N	\N	DOCTOR	\N
206	9164079736	\N	\N	DOCTOR	\N
207	9164079736	\N	\N	DOCTOR	\N
208	9878136153	\N	\N	DOCTOR	\N
209	9878136153	\N	\N	DOCTOR	\N
210	9957217317	\N	\N	DOCTOR	\N
211	8522222224	\N	\N	DOCTOR	\N
212	8522222224	\N	\N	DOCTOR	\N
213	9178365147	\N	\N	DOCTOR	\N
214	9178365147	\N	\N	DOCTOR	\N
215	7235251546	\N	\N	DOCTOR	\N
216	7235251546	\N	\N	DOCTOR	\N
217	9865764653	\N	\N	DOCTOR	\N
218	9865764653	\N	\N	DOCTOR	\N
219	8743673468	\N	\N	DOCTOR	\N
220	8743673468	\N	\N	DOCTOR	\N
221	8674373777	\N	\N	DOCTOR	\N
222	8674373777	\N	\N	DOCTOR	\N
223	8363422222	\N	\N	DOCTOR	\N
224	8363422222	\N	\N	DOCTOR	\N
225	8976634577	\N	\N	DOCTOR	\N
226	8976634577	\N	\N	DOCTOR	\N
227	8554784626	\N	\N	DOCTOR	\N
228	8554784626	\N	\N	DOCTOR	\N
229	8764334356	\N	\N	DOCTOR	\N
230	8764334356	\N	\N	DOCTOR	\N
231	8732765832	\N	\N	DOCTOR	\N
232	8732765832	\N	\N	DOCTOR	\N
233	8732884326	\N	\N	DOCTOR	\N
234	8732884326	\N	\N	DOCTOR	\N
235	7854124789	\N	\N	DOCTOR	\N
236	7854124789	\N	\N	DOCTOR	\N
237	4578545545	\N	\N	DOCTOR	\N
238	4578545545	\N	\N	DOCTOR	\N
239	9854422145	\N	\N	DOCTOR	\N
240	9854422145	\N	\N	DOCTOR	\N
241	6478541254	\N	\N	DOCTOR	\N
242	6478541254	\N	\N	DOCTOR	\N
243	9618994958	\N	\N	DOCTOR	\N
244	9618994958	\N	\N	DOCTOR	\N
245	7569646047	$2b$10$w3701xliYB2ktEzSmJy7s.SG.C1QxJlHko8fxc9gqh7TtChPJmp2u	$2b$10$w3701xliYB2ktEzSmJy7s.	PATIENT	\N
246	7569646047	$2b$10$KtcaSDLX.80RNAwUJk.loOByVqSzAuKjlHxpkZQg8w3KK7vLOXym6	$2b$10$KtcaSDLX.80RNAwUJk.loO	PATIENT	\N
247	6577889900	$2b$10$0tHl13/uAWwxi03GPjHlXO/AeoF6JmqrD4EdwAFcddPVBaY8.8RXa	$2b$10$0tHl13/uAWwxi03GPjHlXO	PATIENT	\N
248	6577889900	$2b$10$GAvblHYwQOoMbgfKNkdaLON8UZqhvc6fg3OwwyxK1lEF.CV6cQqd2	$2b$10$GAvblHYwQOoMbgfKNkdaLO	PATIENT	\N
249	9458745654	\N	\N	DOCTOR	\N
250	9458745654	\N	\N	DOCTOR	\N
251	9875412447	\N	\N	DOCTOR	\N
252	9875412447	\N	\N	DOCTOR	\N
253	6767976494	\N	\N	DOCTOR	\N
254	9464976464	\N	\N	DOCTOR	\N
255	9464976464	\N	\N	DOCTOR	\N
256	7569646041	$2b$10$3rkBIAGfYY54vK0sC223xeASri1WvcLteX0gTbfvZ3GZmoZkFI72e	$2b$10$3rkBIAGfYY54vK0sC223xe	PATIENT	\N
257	7569646041	$2b$10$oC5OfTd62Xd5ZsTxLYm.IuvxzU37qD/6cHcJHdyU93teel99rEQTO	$2b$10$oC5OfTd62Xd5ZsTxLYm.Iu	PATIENT	\N
258	7894561237	$2b$10$qHYmvCaH.dZT3U/6YJ94FOHH/V6tOBd3FHSerZadB1okmNa8VaBp2	$2b$10$qHYmvCaH.dZT3U/6YJ94FO	PATIENT	\N
259	7894561237	$2b$10$n8J3DHm/cecCed.epbfWhuhKihsip8ZYrdHZeBRkVx8TljbNcXJ1W	$2b$10$n8J3DHm/cecCed.epbfWhu	PATIENT	\N
260	7534216895	$2b$10$h3WKiPezOzxpOzpZyfP9wuvMaFtf/zNNj6fnWqwXLHdRAvhOqv/va	$2b$10$h3WKiPezOzxpOzpZyfP9wu	PATIENT	\N
261	6324578451	\N	\N	DOCTOR	\N
262	9623456256	$2b$10$RcZLCbAq57SgV8uVVtFH2OKouSiQ32ZigZ3Nla5kHHaRxJRNDEtvy	$2b$10$RcZLCbAq57SgV8uVVtFH2O	PATIENT	\N
263	7894561230	$2b$10$cqesfuSTtL85rSz2IwXR5e3SGohw8/ZlRPvQoL/IhesJf2Ki0mski	$2b$10$cqesfuSTtL85rSz2IwXR5e	PATIENT	\N
264	9550185642	$2b$10$jvb2EI.AXodATHUQiN4bz.s0EwGgAgJnZJFnPcmdAQr5OJewsjOdy	$2b$10$jvb2EI.AXodATHUQiN4bz.	PATIENT	\N
265	9550185643	$2b$10$5dzNAGBDvUBOX5hf5krGleIULDLtc35NSkzsWKxYtzECqKg7xtnv2	$2b$10$5dzNAGBDvUBOX5hf5krGle	PATIENT	\N
266	8765432109	$2b$10$53i0nqaqaCi3jL7JQXEl9ejo4Ezmnk1wB4U69nprgXf5jNKR72s.a	$2b$10$53i0nqaqaCi3jL7JQXEl9e	PATIENT	\N
267	6301303196	$2b$10$bCCstlbLwxnxLMBU6TRQwuIY3urm3EzHaAlU9Czp9ILsYZkRzu28O	$2b$10$bCCstlbLwxnxLMBU6TRQwu	PATIENT	\N
268	9654785412	\N	\N	DOCTOR	\N
269	7564896412	$2b$10$hOLiIRLWkX6jtT96rvsR.ebBi.iqU7DfhBBoaY/Dp1yPVRl1mibse	$2b$10$hOLiIRLWkX6jtT96rvsR.e	PATIENT	\N
270	7995262232	$2b$10$4J9lpzouj7dMBjTtgYyeZem9nLD9IP503eh9bJ2G5EUjZmmJbuWD.	$2b$10$4J9lpzouj7dMBjTtgYyeZe	PATIENT	\N
271	7995262234	$2b$10$aGDfdZ21PNFhjIJYiYwpY.x8DhUXHaKWckCr8UGPLMaYx61wrzN.m	$2b$10$aGDfdZ21PNFhjIJYiYwpY.	PATIENT	\N
272	7995262234	$2b$10$z2VFyyZEvoU5zxSvCY04uOFPCXzQfRkc35jxn5MvftS1yiiCd4ocG	$2b$10$z2VFyyZEvoU5zxSvCY04uO	PATIENT	\N
273	7892709916	$2b$10$xaJSRxGFL/1fZE4VMNVfGOHJ8z1t0.rSDvida5usN2x8kOFK5t9le	$2b$10$xaJSRxGFL/1fZE4VMNVfGO	PATIENT	\N
274	7892709914	$2b$10$Mci4mRijTimYYP8DU.yW.O8r31H3AmHFlDEZh.g5nVOrSnXQHAQ2K	$2b$10$Mci4mRijTimYYP8DU.yW.O	PATIENT	\N
275	6377889900	$2b$10$dEkJ8Xlgxlrh7C6tZTgo1OLamuyQrk7fug0/0yrDDfpSs8R6gHA0i	$2b$10$dEkJ8Xlgxlrh7C6tZTgo1O	PATIENT	\N
276	6277889900	$2b$10$t5qFxUyE0gsAHQt9y/DIsO5gBfNe.RUva9N5LP6KkzGlZsKaGBAoC	$2b$10$t5qFxUyE0gsAHQt9y/DIsO	PATIENT	\N
277	9292929292	$2b$10$ihr9XsjIt5vWQtB8nJ4c6uWuLo/74hIbl2TGCu4AgVu199rh0A2o6	$2b$10$ihr9XsjIt5vWQtB8nJ4c6u	PATIENT	\N
278	9393939392	$2b$10$pC9W0f98uamDjqmZ7zl/f.M/onE3F6jE9bl.dJ3tuEjEvNV7IKgCO	$2b$10$pC9W0f98uamDjqmZ7zl/f.	PATIENT	\N
279	7568456855	$2b$10$MBtkrpT9OpZXXKN7Fx4Q9uSLUgCMZfUS1ScHp74eqiF1/hKaCaWtu	$2b$10$MBtkrpT9OpZXXKN7Fx4Q9u	PATIENT	\N
280	7892709919	$2b$10$jSoBaniqNRzYQREIYYbyYOuhd72VNbmHvVy02PKqCazIAH.iFmZsS	$2b$10$jSoBaniqNRzYQREIYYbyYO	PATIENT	\N
202	7892709915	$2b$10$xOiqtnMkCupanMY35vhsTO7y.JAS1r702x1kFGlh9P0YxunYEFMJS	$2b$10$xOiqtnMkCupanMY35vhsTO	PATIENT	\N
203	7892709915	$2b$10$xOiqtnMkCupanMY35vhsTO7y.JAS1r702x1kFGlh9P0YxunYEFMJS	$2b$10$xOiqtnMkCupanMY35vhsTO	PATIENT	\N
281	7788990011	$2b$10$8VBuTxANTJNKHfqzOTu2zeyWCRaw5lawJzCXg.upuJfhSa0bjSEcG	$2b$10$8VBuTxANTJNKHfqzOTu2ze	PATIENT	\N
282	7892709911	$2b$10$mdArVtOAqPZXhyM8By0d5ecgzBqZ8oT0ev13PI.AGYd5wU5pl8EMS	$2b$10$mdArVtOAqPZXhyM8By0d5e	PATIENT	\N
283	9547845245	$2b$10$pEl8vNNLW.dVgkEgllylXOgrJYbo3eJDn4wXZ9ZeggvMjiVZtN.Xu	$2b$10$pEl8vNNLW.dVgkEgllylXO	PATIENT	\N
284	1234567890	$2b$10$RhOBD6Tkdy1MuOmD6E3zwubMA/F3aUfwhdZsqvdfSWPZMbIRHzGJK	$2b$10$RhOBD6Tkdy1MuOmD6E3zwu	PATIENT	\N
285	7383747484	$2b$10$BelocYCkE5DyInuyJpUP/eapHGiFCBkcHewCuFWt3Sk4lSVFg4ta2	$2b$10$BelocYCkE5DyInuyJpUP/e	PATIENT	\N
286	9574754485	$2b$10$ctGDpJoQpjvHPwabWu0oceClo5xG8S8TtQoX.pEIQhb4rW3fjd5T2	$2b$10$ctGDpJoQpjvHPwabWu0oce	PATIENT	\N
287	8764649485	$2b$10$g6IbpG8z53nCtlwoEr26x.y.ws5zY/S9E.ahrppjuTLlUvEIOsLCm	$2b$10$g6IbpG8z53nCtlwoEr26x.	PATIENT	\N
288	9848477443	$2b$10$N4rDbXPmfMK7ESJF87mphO/0LskNPv7S1H/d2abv8jGbQahbCANUK	$2b$10$N4rDbXPmfMK7ESJF87mphO	PATIENT	\N
289	4342342345	$2b$10$YdvZy6R55mKqwWj4S/orregY9mY4Oy56zqv1JyG9NpKowZiNdUh/G	$2b$10$YdvZy6R55mKqwWj4S/orre	PATIENT	\N
290	7367467334	$2b$10$VHjzDY5AewvieeqVxrR6ROYgCVRK7NEBoHkwZdzw8ecoqOwn1jLZ6	$2b$10$VHjzDY5AewvieeqVxrR6RO	PATIENT	\N
291	9423155555	$2b$10$NxLA2hq1bQTpnKKe7s2QseDp311AEG3Lbfak.uiEBMQeacvDS/xqi	$2b$10$NxLA2hq1bQTpnKKe7s2Qse	PATIENT	\N
292	9423115555	$2b$10$ZoAQb81ESfL9bAiHX33SK.21mqNURTkQEZUa.EKXiOO0heDCW7AEG	$2b$10$ZoAQb81ESfL9bAiHX33SK.	PATIENT	\N
293	9422255555	$2b$10$VtfJuF5ZBI2rnWY.W5sdEuHETf3Xy.VXZjzZYjfxCyWZTCIhEG2nq	$2b$10$VtfJuF5ZBI2rnWY.W5sdEu	PATIENT	\N
294	9955555555	$2b$10$bfKbZk8ep2WACeJXt6H13uuSyDA7ZxlUoy9JhcsJmQ2KGLA8vPPqq	$2b$10$bfKbZk8ep2WACeJXt6H13u	PATIENT	\N
295	9855555555	$2b$10$fCJBVRx2uLrHxiEZAZF7n.a6nJgnFeHlXDHlBGSAX5oEV4l7Go6Sy	$2b$10$fCJBVRx2uLrHxiEZAZF7n.	PATIENT	\N
296	9755555555	$2b$10$wijfUCteRgb6X1ZcezXofumupvpaaIY7s0sPhUBeW3tksuOBq3A2i	$2b$10$wijfUCteRgb6X1ZcezXofu	PATIENT	\N
297	9454675464	$2b$10$qut/YK5Mqfsw.tfQMEv.CeBpVf9l.nsf4D1z/rMI32mj22o/YRLwq	$2b$10$qut/YK5Mqfsw.tfQMEv.Ce	PATIENT	\N
298	9454845731	$2b$10$EDlfAb2sMkA2db0AjziV0O6SG9u0w2/q6vCYjFsuaUt.NLx5yDuDi	$2b$10$EDlfAb2sMkA2db0AjziV0O	PATIENT	\N
299	9457645721	$2b$10$ucAG/yWVAiTh/7l2EYNaCOnlnX/wBiebhzaykpFvjSbKxGS0h2wMG	$2b$10$ucAG/yWVAiTh/7l2EYNaCO	PATIENT	\N
300	9457845724	$2b$10$6Db4DGJ.MsvHT.GzHC3nIeASwLSbdsCsI1S1tBVPnB.S.gqMYVnkO	$2b$10$6Db4DGJ.MsvHT.GzHC3nIe	PATIENT	\N
301	8845985998	$2b$10$278zQgkTExxLtgyCuH8rp.rKMNn0V4OPLfHBZ0sNFa4y9O7Dt9THG	$2b$10$278zQgkTExxLtgyCuH8rp.	PATIENT	\N
302	2452454345	$2b$10$MKdBFbkHWwNKpgm0qWnxOezIWD5bHXM1Yc7E6i/XnSWNyQPkzfb9i	$2b$10$MKdBFbkHWwNKpgm0qWnxOe	PATIENT	\N
303	9884637343	$2b$10$T/o/0YtkAF4ONtjEjz8Pr.akN5R3lQbur8iUHomFbqC.HCLlLHmF6	$2b$10$T/o/0YtkAF4ONtjEjz8Pr.	PATIENT	\N
304	9548755658	$2b$10$pL6CJuyGrFWzBK6725dWoOgE3y9JOQ33bx8rM1TeRpuTVsI7ydZom	$2b$10$pL6CJuyGrFWzBK6725dWoO	PATIENT	\N
305	9457842434	$2b$10$AqhMCp7CZgTK9ohvTB.98eXnUm.dIQKQPiRGwDYOSf1N1xWLs8.Ma	$2b$10$AqhMCp7CZgTK9ohvTB.98e	PATIENT	\N
306	9654785454	$2b$10$4l36VCUvKQHqYCPRLCCeKuPyyK05PKwmAPRBSwrIJlWs/wN1HwaFG	$2b$10$4l36VCUvKQHqYCPRLCCeKu	PATIENT	\N
307	9545845454	\N	\N	DOCTOR	\N
308	9454345484	$2b$10$WyFGSyl4yMC8vEcT19wkd.2XaGPxSfhf9x/5saMxut0.gO8IAy8ae	$2b$10$WyFGSyl4yMC8vEcT19wkd.	PATIENT	\N
309	9545545845	$2b$10$s5xhAue48MwRk6HOzsMxaO9ovTqXZ/Q1Jkfl0198VvtvvMf1vbuEu	$2b$10$s5xhAue48MwRk6HOzsMxaO	PATIENT	\N
310	9542786666	$2b$10$IPVYeHJal4jDZHDvn5lFTOxdRClSTagTcP6y28PtfkozbiGWvYa2m	$2b$10$IPVYeHJal4jDZHDvn5lFTO	PATIENT	\N
311	6254856845	\N	\N	DOCTOR	\N
312	9457243154	$2b$10$mqyJ8ZENt1DtOTZAHffxkOrf7eSC8heeBSxtj5tYUPe8jLtreOstO	$2b$10$mqyJ8ZENt1DtOTZAHffxkO	PATIENT	\N
313	9541256324	\N	\N	DOCTOR	\N
314	9542145245	$2b$10$BUuGunuqTCOnDYzFCp7vbOJVlsYWmrWwITEooKXvFI8kg3wa0jNdW	$2b$10$BUuGunuqTCOnDYzFCp7vbO	PATIENT	\N
315	6677889901	$2b$10$ex4bL3Gu6gv7b0c53065muY8dUMY0vhNDDcy3BKPtrXPhps6PxFvS	$2b$10$ex4bL3Gu6gv7b0c53065mu	PATIENT	\N
316	6542789456	$2b$10$KJD6HkVPOj6F9oB2.VaiZ.oCJDaDqrmCyQwGgJFmLbdlsQNFt3GLG	$2b$10$KJD6HkVPOj6F9oB2.VaiZ.	PATIENT	\N
317	9454815134	\N	\N	DOCTOR	\N
318	9542457694	$2b$10$JCA643IQLPSrxIXrMesUie8qr11SQYXI1z6ryToREPA4E3I/LfeWG	$2b$10$JCA643IQLPSrxIXrMesUie	PATIENT	\N
319	9544525664	$2b$10$rxB/cRQtoe4XZNxMFn/zU.07hGuPgr2EWfla.C33uWAAPztN8Y45G	$2b$10$rxB/cRQtoe4XZNxMFn/zU.	PATIENT	\N
320	9547845214	$2b$10$ECuT8BJtb5qtoMCuaQkSzeH/eXCEPWKz0bglcda5Km2XgFmXSLMuy	$2b$10$ECuT8BJtb5qtoMCuaQkSze	PATIENT	\N
321	9643142514	$2b$10$G6EK2t30Twff9vRFyVT1bO2TuBF.WHGaFaRD/GkA0PyCeBMVpe9Mm	$2b$10$G6EK2t30Twff9vRFyVT1bO	PATIENT	\N
322	7451236548	$2b$10$oV5ki7ONn.2NClgxzyrww.yo4q2690FkQuks2IMnvs9vsO1oQA.m6	$2b$10$oV5ki7ONn.2NClgxzyrww.	PATIENT	\N
323	9999888874	$2b$10$GCrJ6pCJHceccCacr7b4oulV9fn6DOiXjRglvVxmcUDDro.nTf9wa	$2b$10$GCrJ6pCJHceccCacr7b4ou	PATIENT	\N
324	9623456259	$2b$10$PtQm3zAdi.d6NqVqn403x.pTasnC0AAu7gTBlZaCKhGtWpwbRDHUG	$2b$10$PtQm3zAdi.d6NqVqn403x.	PATIENT	\N
325	7889655465	\N	\N	DOCTOR	\N
326	9988774411	\N	\N	DOCTOR	\N
327	7845512255	\N	\N	DOCTOR	\N
328	7788994455	\N	\N	DOCTOR	\N
329	7788994452	\N	\N	DOCTOR	\N
330	7896321452	\N	\N	DOCTOR	\N
331	7456321895	\N	\N	DOCTOR	\N
332	9988884512	\N	\N	DOCTOR	\N
333	7788899665	\N	\N	DOCTOR	\N
334	7485964152	\N	\N	DOCTOR	\N
336	7785964152	\N	\N	DOCTOR	\N
337	7892709912	$2b$10$NAWMiHK9I75TMPu1n75uQO9H8goxPT8XABQw9W2EzV/srkdXssgpG	$2b$10$NAWMiHK9I75TMPu1n75uQO	PATIENT	\N
338	9164079432	\N	\N	DOCTOR	\N
339	9585082757	$2b$10$rfZQfGu30MVwbmbHBc9UQ..ZwCHNB9ceHGoaGCwtmEf84CheegpT2	$2b$10$rfZQfGu30MVwbmbHBc9UQ.	PATIENT	\N
343	9999464578	\N	\N	DOCTOR	\N
344	8754945148	$2b$10$h8YNH87aH/kxSiLglXdNQu3faoqWm41zxSaJbOvMed/OChAPwwqAq	$2b$10$h8YNH87aH/kxSiLglXdNQu	PATIENT	\N
335	9685744152	$2b$10$8mapN1rhT0Oki1MgfHVx5e6qfhZiUoAitzoDHt6rtqx9T38RmZrhu	$2b$10$8mapN1rhT0Oki1MgfHVx5e	PATIENT	\N
340	9685745263	$2b$10$jy02xzQmK5xTOiBaibJKwO9wg3wFH9i.NkyyT2qNwIFk7XwMEGHxK	$2b$10$jy02xzQmK5xTOiBaibJKwO	PATIENT	\N
341	9963254275	$2b$10$un.eht/aG0iLNkfAk/Od9uD9vo3N19Y4gcz5rQkrVWu04ntt3oIaa	$2b$10$un.eht/aG0iLNkfAk/Od9u	PATIENT	\N
342	9521432547	$2b$10$xJIsk7qjFjByg0xik/l0WOzF2./4/z..3MFAdmD2P6aBbGbzbOHwe	$2b$10$xJIsk7qjFjByg0xik/l0WO	PATIENT	\N
345	8956232154	$2b$10$RB40lklFwbNCOUBCdAEt8OlGsupDo.w1N/O9nL9EMOpRY0FFTYIiu	$2b$10$RB40lklFwbNCOUBCdAEt8O	PATIENT	\N
346	8547965412	$2b$10$WMYX8XetWMrMJYgU7oImZuqsTsscS/NTCYA4UnvKixiXS5DRAxxay	$2b$10$WMYX8XetWMrMJYgU7oImZu	PATIENT	\N
347	9456454216	$2b$10$sVE5Uy9MXTRBfdnnY8QEru5W54EZPeaWVX3hStwKgptC4/PMXopRW	$2b$10$sVE5Uy9MXTRBfdnnY8QEru	PATIENT	\N
348	6366786973	$2b$10$XcGZ9XcD15TjIzdh07sGyeE7HCgoux0wx7cRvwOVsas77/5oh4i1G	$2b$10$XcGZ9XcD15TjIzdh07sGye	PATIENT	\N
349	9701322000	$2b$10$H2UFT..lzXMSTcmt4YbdYuzTr3yNPyFid4QCVxuCdhXdZmESlIQGS	$2b$10$H2UFT..lzXMSTcmt4YbdYu	PATIENT	\N
350	9894229677	$2b$10$CrA/tD9TkTpjJjttaGDmYOGjIdDKUNkYN2JP8kuSwNkQAOhGzqx7e	$2b$10$CrA/tD9TkTpjJjttaGDmYO	PATIENT	\N
351	9384051551	$2b$10$NHzsDXJFSRctCKtK4qGiXOgx6IzBpFKUhMiMPU7F6arMiMLLZuTua	$2b$10$NHzsDXJFSRctCKtK4qGiXO	PATIENT	\N
353	7894561239	$2b$10$Th3vovHKA3cgX4kmI9LM3eoAfN2EgOhtJi7z2feySdhxxeHFeEazu	$2b$10$Th3vovHKA3cgX4kmI9LM3e	PATIENT	\N
354	7418529637	$2b$10$X05/5pGMrgWTkcpSD55LTOqN4agsKjuy5AuSNw4SluOvKOQjZsaVm	$2b$10$X05/5pGMrgWTkcpSD55LTO	PATIENT	\N
355	7418529639	$2b$10$yvwf/lj2YXZUn2aUpHJIlOS/q17PA6xjy9QqgtbzO3e2MmbG57tD2	$2b$10$yvwf/lj2YXZUn2aUpHJIlO	PATIENT	\N
356	8072389917	$2b$10$2Z.v9kba5NNFhB2M4YB76uvxvMPyIcB0utAVzgz1cFJmIrQTuXLbG	$2b$10$2Z.v9kba5NNFhB2M4YB76u	PATIENT	\N
352	8940833838	$2b$10$/Cp1fgkKZ/gDbMksRC5q9uuZ6uWnnC.3KsceVCsa5/tRLFo1Ww0OS	$2b$10$/Cp1fgkKZ/gDbMksRC5q9u	PATIENT	\N
357	9555544447	$2b$10$O3mB/ytL2tzK2IEGe/9BIuQIuJ0zW7PLQzimvnMIzqUtrA1ung4pa	$2b$10$O3mB/ytL2tzK2IEGe/9BIu	PATIENT	\N
358	9995243654	\N	\N	DOCTOR	\N
359	9456242154	$2b$10$t.gmi1DdowKAMbdOZP3IuuqvMD5j4YRkEE0um1rFDvyWkdTsUtoBi	$2b$10$t.gmi1DdowKAMbdOZP3Iuu	PATIENT	\N
\.


--
-- Data for Name: permissions; Type: TABLE DATA; Schema: public; Owner: postgres
--

COPY public.permissions (id, name, description) FROM stdin;
1	SELF_APPOINTMENT_READ	SELF_APPOINTMENT_READ
2	SELF_APPOINTMENT_WRITE	SELF_APPOINTMENT_WRITE
5	REPORTS	REPORTS
6	ACCOUNT_SETTINGS_READ	ACCOUNT_SETTINGS_READ
7	ACCOUNT_SETTINGS_WRITE	ACCOUNT_SETTINGS_WRITE
10	ACCOUNT_USERS_APPOINTMENT_READ	ACCOUNT_USERS_APPOINTMENT_READ
11	ACCOUNT_USERS_APPOINTMENT_WRITE	ACCOUNT_USERS_APPOINTMENT_WRITE
12	CUSTOMER	CUSTOMER
3	SELF_USER_SETTINGS_READ	SELF_USER_CONFIG_READ
4	SELF_USER_SETTINGS_WRITE	SELF_USER_CONFIG_WRITE
8	ACCOUNT_USERS_SETTINGS_READ	ACCOUNT_USERS_CONFIG_READ
9	ACCOUNT_USERS_SETTINGS_WRITE	ACCOUNT_USERS_CONFIG_WRITE
\.


--
-- Data for Name: role_permissions; Type: TABLE DATA; Schema: public; Owner: postgres
--

COPY public.role_permissions (id, "roleId", "permissionId") FROM stdin;
1	2	1
2	2	2
3	2	3
4	2	4
5	2	6
6	2	8
7	2	10
8	1	5
9	1	6
10	1	7
11	1	8
12	1	9
13	1	10
14	1	11
15	3	6
16	3	8
17	3	10
18	3	11
19	4	12
\.


--
-- Data for Name: roles; Type: TABLE DATA; Schema: public; Owner: postgres
--

COPY public.roles (roles_id, roles) FROM stdin;
1	ADMIN
2	DOCTOR
3	DOC_ASSISTANT
4	PATIENT
\.


--
-- Data for Name: user_role; Type: TABLE DATA; Schema: public; Owner: postgres
--

COPY public.user_role (id, user_id, role_id) FROM stdin;
1	28	2
2	29	2
3	30	2
4	31	2
5	32	2
6	33	2
7	34	2
8	35	2
9	36	2
10	37	2
11	38	2
12	39	2
13	40	2
14	41	2
15	42	2
16	43	2
17	44	2
18	45	2
19	46	2
20	47	2
21	48	2
22	49	2
23	50	2
24	51	2
25	52	2
26	53	1
27	54	1
28	55	1
29	56	1
30	57	1
31	58	1
32	59	3
33	60	4
34	61	4
35	62	4
36	63	2
37	64	2
38	65	2
39	66	2
40	67	2
41	68	2
42	69	2
43	70	2
44	71	2
45	72	2
46	73	2
47	74	2
48	75	2
49	76	2
50	77	2
51	78	2
52	79	2
53	80	2
54	81	2
\.


--
-- Data for Name: users; Type: TABLE DATA; Schema: public; Owner: postgres
--

COPY public.users (id, name, email, password, salt, account_id, doctor_key, is_active, updated_time, passcode) FROM stdin;
60	Nirmala Seetharaman	nirmala@gmail.com	$2b$10$wU7YwEwHmAwdJ84zafLWU.etBElvlN4Nzq4J12gx/EeCykq4IY6Pu	$2b$10$wU7YwEwHmAwdJ84zafLWU.	\N	\N	\N	\N	\N
54	T.G.Govindarajan	govindarajan@gmail.com	$2b$10$wU7YwEwHmAwdJ84zafLWU.etBElvlN4Nzq4J12gx/EeCykq4IY6Pu	$2b$10$wU7YwEwHmAwdJ84zafLWU.	2	\N	\N	\N	\N
55	A.J.Mehta	mehta@gmail.com	$2b$10$wU7YwEwHmAwdJ84zafLWU.etBElvlN4Nzq4J12gx/EeCykq4IY6Pu	$2b$10$wU7YwEwHmAwdJ84zafLWU.	3	\N	\N	\N	\N
56	B.S.Ajay Kumar	ajaykumar@gmail.com	$2b$10$wU7YwEwHmAwdJ84zafLWU.etBElvlN4Nzq4J12gx/EeCykq4IY6Pu	$2b$10$wU7YwEwHmAwdJ84zafLWU.	4	\N	\N	\N	\N
57	S.Manivannan	manivannan@gmail.com	$2b$10$wU7YwEwHmAwdJ84zafLWU.etBElvlN4Nzq4J12gx/EeCykq4IY6Pu	$2b$10$wU7YwEwHmAwdJ84zafLWU.	5	\N	\N	\N	\N
28	Adithya K	adithya@apollo.com	$2b$10$JGdUPwCYPtdme.LDkHJzuOMEwLXeCxHCbq028DniNeALB4PALLhQC	$2b$10$JGdUPwCYPtdme.LDkHJzuO	1	Doc_1	t	16:11:11.550643	\N
29	"Prof Narendranath Kanna"	narendranath@apollo.com	$2b$10$JGdUPwCYPtdme.LDkHJzuOMEwLXeCxHCbq028DniNeALB4PALLhQC	$2b$10$JGdUPwCYPtdme.LDkHJzuO	1	Doc_2	t	16:12:32.045519	\N
61	Ashok Gajapathi raj	ashok@gmail.com	$2b$10$wU7YwEwHmAwdJ84zafLWU.etBElvlN4Nzq4J12gx/EeCykq4IY6Pu	$2b$10$wU7YwEwHmAwdJ84zafLWU.	\N	\N	\N	\N	\N
62	Shrushti Jayanth Deshmukh	shrushti@gmail.com	$2b$10$wU7YwEwHmAwdJ84zafLWU.etBElvlN4Nzq4J12gx/EeCykq4IY6Pu	$2b$10$wU7YwEwHmAwdJ84zafLWU.	\N	\N	\N	\N	\N
58	K.M.Cherian	cherian@gmail.com	$2b$10$wU7YwEwHmAwdJ84zafLWU.etBElvlN4Nzq4J12gx/EeCykq4IY6Pu	$2b$10$wU7YwEwHmAwdJ84zafLWU.	6	\N	\N	\N	\N
30	Sheetal Desai	sheetal@gmail.com	$2b$10$JGdUPwCYPtdme.LDkHJzuOMEwLXeCxHCbq028DniNeALB4PALLhQC	$2b$10$JGdUPwCYPtdme.LDkHJzuO	1	Doc_3	t	16:13:12.897447	\N
53	Suneeta Reddy	admin2@gmail.com	$2b$10$wU7YwEwHmAwdJ84zafLWU.etBElvlN4Nzq4J12gx/EeCykq4IY6Pu	$2b$10$wU7YwEwHmAwdJ84zafLWU.	1	\N	\N	\N	\N
43	Mahesh umar N Upasani	maheshkumar@gmail.com	$2b$10$JGdUPwCYPtdme.LDkHJzuOMEwLXeCxHCbq028DniNeALB4PALLhQC	$2b$10$JGdUPwCYPtdme.LDkHJzuO	4	Doc_16	t	15:53:41.215366	\N
31	 Sree Kumar Reddy	sreekumarreddy@apollo.com	$2b$10$JGdUPwCYPtdme.LDkHJzuOMEwLXeCxHCbq028DniNeALB4PALLhQC	$2b$10$JGdUPwCYPtdme.LDkHJzuO	1	Doc_4	t	16:14:28.233564	\N
33	Sreeram Valluri	sreeram@apollo.com	$2b$10$JGdUPwCYPtdme.LDkHJzuOMEwLXeCxHCbq028DniNeALB4PALLhQC	$2b$10$JGdUPwCYPtdme.LDkHJzuO	1	Doc_6	t	15:30:16.748709	\N
34	Indhumathi R	indhumathir@gmail.com	$2b$10$JGdUPwCYPtdme.LDkHJzuOMEwLXeCxHCbq028DniNeALB4PALLhQC	$2b$10$JGdUPwCYPtdme.LDkHJzuO	2	Doc_7	t	16:15:33.148347	\N
36	Rajeshwari Ramachandran 	rajeshwari@gmail.com	$2b$10$JGdUPwCYPtdme.LDkHJzuOMEwLXeCxHCbq028DniNeALB4PALLhQC	$2b$10$JGdUPwCYPtdme.LDkHJzuO	2	Doc_9	t	15:34:46.074008	\N
37	Vijay Iyer	vijayiyer@gmail.com	$2b$10$JGdUPwCYPtdme.LDkHJzuOMEwLXeCxHCbq028DniNeALB4PALLhQC	$2b$10$JGdUPwCYPtdme.LDkHJzuO	2	Doc_10	t	15:36:38.248111	\N
38	Usha Shukla	ushashukla@gmail.com	$2b$10$JGdUPwCYPtdme.LDkHJzuOMEwLXeCxHCbq028DniNeALB4PALLhQC	$2b$10$JGdUPwCYPtdme.LDkHJzuO	3	Doc_11	t	15:38:49.742536	\N
39	Sarala Rajajee	saralarajajee@gmail.com	$2b$10$JGdUPwCYPtdme.LDkHJzuOMEwLXeCxHCbq028DniNeALB4PALLhQC	$2b$10$JGdUPwCYPtdme.LDkHJzuO	3	Doc_12	t	15:48:30.22789	\N
40	Parthasarathy Srinivasan	parthasarathy@gmail.com	$2b$10$JGdUPwCYPtdme.LDkHJzuOMEwLXeCxHCbq028DniNeALB4PALLhQC	$2b$10$JGdUPwCYPtdme.LDkHJzuO	3	Doc_13	t	15:49:27.060239	\N
41	K Kalai Selvi	kalaiselvi@gmail.com	$2b$10$JGdUPwCYPtdme.LDkHJzuOMEwLXeCxHCbq028DniNeALB4PALLhQC	$2b$10$JGdUPwCYPtdme.LDkHJzuO	3	Doc_14	t	15:51:40.72794	\N
42	S Jayaraman	jayaraman@gmail.com	$2b$10$JGdUPwCYPtdme.LDkHJzuOMEwLXeCxHCbq028DniNeALB4PALLhQC	$2b$10$JGdUPwCYPtdme.LDkHJzuO	3	Doc_15	t	15:52:42.953132	\N
44	Balaji J	balajij@gmail.com	$2b$10$JGdUPwCYPtdme.LDkHJzuOMEwLXeCxHCbq028DniNeALB4PALLhQC	$2b$10$JGdUPwCYPtdme.LDkHJzuO	4	Doc_17	t	15:54:40.46253	\N
45	Murugesh DMRT	murugesh@gmail.com	$2b$10$JGdUPwCYPtdme.LDkHJzuOMEwLXeCxHCbq028DniNeALB4PALLhQC	$2b$10$JGdUPwCYPtdme.LDkHJzuO	4	Doc_18	t	15:56:17.651105	\N
46	Mohammed Ibrahim	mohammedibrahim@gmail.com	$2b$10$JGdUPwCYPtdme.LDkHJzuOMEwLXeCxHCbq028DniNeALB4PALLhQC	$2b$10$JGdUPwCYPtdme.LDkHJzuO	4	Doc_19	t	15:57:26.370248	\N
47	Aravindan Selvaraj	aravindanselvaraj@gmail.com	$2b$10$JGdUPwCYPtdme.LDkHJzuOMEwLXeCxHCbq028DniNeALB4PALLhQC	$2b$10$JGdUPwCYPtdme.LDkHJzuO	5	Doc_20	t	15:58:45.623112	\N
59	Doctor Assistant	docassistant2@gmail.com	$2b$10$wU7YwEwHmAwdJ84zafLWU.etBElvlN4Nzq4J12gx/EeCykq4IY6Pu	$2b$10$wU7YwEwHmAwdJ84zafLWU.	1	\N	\N	\N	\N
48	Bala Murali	balamurali@gmail.com	$2b$10$JGdUPwCYPtdme.LDkHJzuOMEwLXeCxHCbq028DniNeALB4PALLhQC	$2b$10$JGdUPwCYPtdme.LDkHJzuO	5	Doc_21	t	15:59:35.223995	\N
49	Raghavan Subramaniyan	raghavansubramaniyan@gmail.com	$2b$10$JGdUPwCYPtdme.LDkHJzuOMEwLXeCxHCbq028DniNeALB4PALLhQC	$2b$10$JGdUPwCYPtdme.LDkHJzuO	6	Doc_22	t	16:01:30.394299	\N
50	Anto Sahayaraj	antosahayaraj@gmail.com	$2b$10$JGdUPwCYPtdme.LDkHJzuOMEwLXeCxHCbq028DniNeALB4PALLhQC	$2b$10$JGdUPwCYPtdme.LDkHJzuO	6	Doc_23	t	16:02:31.236272	\N
51	Sowmya Ramanan V	sowmyaramananv@gmail.com	$2b$10$JGdUPwCYPtdme.LDkHJzuOMEwLXeCxHCbq028DniNeALB4PALLhQC	$2b$10$JGdUPwCYPtdme.LDkHJzuO	6	Doc_24	t	16:03:37.305415	\N
52	Balaji Srimurugan	balajisrimurugan@gmail.com	$2b$10$JGdUPwCYPtdme.LDkHJzuOMEwLXeCxHCbq028DniNeALB4PALLhQC	$2b$10$JGdUPwCYPtdme.LDkHJzuO	6	Doc_25	t	16:04:43.54432	\N
63	dsfd dfsd	test135@gmail.com	$2b$10$WwkRUhEkZR.EiskPltqVmuXAPa36WslVpO/KtDkmPobVed1ZCLJ9y	$2b$10$WwkRUhEkZR.EiskPltqVmu	1	Doc_26	\N	\N	\N
64	dsfd dfsd	test19835@gmail.com	$2b$10$UheAvq./i0N.A.EbPF2b5./VtR.WA9KiBNXPCSfEOnfaBnTFH03S6	$2b$10$UheAvq./i0N.A.EbPF2b5.	1	Doc_27	\N	\N	\N
65	Gayatri Anand	retdrfbvdgtgd@gmail.com	$2b$10$41dL/9xVDNuFxdPeeEcRW.ygwOxTR5PQ5nTTF61LMPd3THfNZlixK	$2b$10$41dL/9xVDNuFxdPeeEcRW.	1	Doc_28	\N	\N	\N
66	Dharani Antharvedi	dharani11@gmail.com	$2b$10$QzRpqQHehb9dMXyIGV6BlezZSFeyVdiuWIpFFn2ttYhXfbCtOuVxe	$2b$10$QzRpqQHehb9dMXyIGV6Ble	1	Doc_29	\N	\N	\N
67	Dharani Antharvedi	gayatri11@gmail.com	$2b$10$DWl5nc0mvuAZPusnuRphmO.sjf/jM6XBvQVMqqGfVYk967u7GLFOu	$2b$10$DWl5nc0mvuAZPusnuRphmO	1	Doc_30	\N	\N	\N
68	Dharani Antharvedi	gayatri21@gmail.com	$2b$10$DOqveeDUblm4RoZcsIQ./.7LYNADnUtrL6BH4RiEgBCHeuunzCfsy	$2b$10$DOqveeDUblm4RoZcsIQ./.	1	Doc_31	\N	\N	\N
69	Dharani Antharvedi	gayatri31@gmail.com	$2b$10$qIK4Lo6qZqzeNCmLQWCE0.dlOr9cZxh8OPNYpfwVSTOCkfccxH1Ea	$2b$10$qIK4Lo6qZqzeNCmLQWCE0.	1	Doc_32	\N	\N	\N
70	Dharani Antharvedi	dharani1@gmail.com	$2b$10$xnP05Nitejsbk7X6vH1P.uhPAZRXcvpU6pcZ2kXFn3nlcaLMevmYK	$2b$10$xnP05Nitejsbk7X6vH1P.u	1	Doc_33	\N	\N	\N
71	Dharani Antharvedi	test33@gmail.com	$2b$10$01qwiZF7T65ABLnrBUxV6.mQjDrFh2Hg7YJSRxfkfvAGBXEH8IRle	$2b$10$01qwiZF7T65ABLnrBUxV6.	1	Doc_34	\N	\N	\N
72	Dr. TEST	test32@gmail.com	$2b$10$E4QH/sEiKAIIpDOXLX8Oduhg7zeei3OglbHpObI/sPSgdfAmTX7jS	$2b$10$E4QH/sEiKAIIpDOXLX8Odu	1	Doc_35	\N	\N	\N
73	Dr. Edward	edward@gmail.com	$2b$10$eiN8er1jKyO8oUsOKOvcmupUvnv0KTpwIyx/nAdDzLQvY62hGHIc.	$2b$10$eiN8er1jKyO8oUsOKOvcmu	2	Doc_36	\N	\N	\N
74	Anand Kumar	gayatriAnand123@gmail.com	$2b$10$VF8DcMfynyNrrNCRzOmHvuiiiueANQBBW79hccX3Crqqv.MHEcwP.	$2b$10$VF8DcMfynyNrrNCRzOmHvu	1	Doc_37	\N	\N	\N
75	Anand Kumar	gayatriAnand13@gmail.com	$2b$10$T649sc/l1.czuh5utZkoW.relyeh995Eg/UYBXQDF2cdxY7Z//1Hy	$2b$10$T649sc/l1.czuh5utZkoW.	1	Doc_38	\N	\N	\N
76	Anand Kumar	dfdd@gmail.com	$2b$10$t0Cm2FxdAm0k1w/a.vZGgu84.mNPBHS3xGN2487c6laUfq8.VU6XG	$2b$10$t0Cm2FxdAm0k1w/a.vZGgu	1	Doc_39	\N	\N	\N
77	Dharani Antharvedi	geetanand@gmail.com	$2b$10$TY/wXEbIkQO76wdR6Hgpzu1TkKTy9Asr1XZw05/cKcd3jaSS/V732	$2b$10$TY/wXEbIkQO76wdR6Hgpzu	1	Doc_40	\N	\N	\N
78	Dharani Antharvedi	dhardgdani@gmail.com	$2b$10$6DP6WpajfoD7/uV6yVCZ5.EVaZmB.cxr4sOm6rvvMhYPxOv9GLJte	$2b$10$6DP6WpajfoD7/uV6yVCZ5.	1	Doc_41	\N	\N	\N
79	Dharani Antharvedi	fdfd@gmail.com	$2b$10$OivGAc6m/l1J9R.3wnBWV.bj2tirHFIEZGRrt7hqkOTNoEmFNxGiO	$2b$10$OivGAc6m/l1J9R.3wnBWV.	1	Doc_42	\N	\N	\N
80	Dharani Antharvedi	fgdgrfgd@gmail.com	$2b$10$k3JCjLIc1eyOjWvTrXbGzOxiY.GHoLDGaVm8IpLwLhvWebHAT366.	$2b$10$k3JCjLIc1eyOjWvTrXbGzO	1	Doc_43	\N	\N	\N
81	Ponni Nov	ponsundaram@softsuave.com	$2b$10$FGH2HWde917SEnDswgIgjejTATi2AxU9GSccvjti0Wq2/t3RGJaVK	$2b$10$FGH2HWde917SEnDswgIgje	1	Doc_44	\N	\N	\N
35	Kumar Thulasi Dass	thulasidass@gmail.com	$2b$10$JGdUPwCYPtdme.LDkHJzuOMEwLXeCxHCbq028DniNeALB4PALLhQC	$2b$10$JGdUPwCYPtdme.LDkHJzuO	2	Doc_8	t	16:16:03.452535	\N
32	Shalini shetty	test@apollo.com	$2b$10$po2RLupHjujggAO0rGFks.d72p3CPUOeHoiCpYvGdf2n8EcSoQURO	$2b$10$po2RLupHjujggAO0rGFks.	1	Doc_5	t	15:15:08.858754	\N
\.


--
-- Name: account_account_id_seq; Type: SEQUENCE SET; Schema: public; Owner: postgres
--

SELECT pg_catalog.setval('public.account_account_id_seq', 1, true);


--
-- Name: patient_login_patient_id_seq; Type: SEQUENCE SET; Schema: public; Owner: postgres
--

SELECT pg_catalog.setval('public.patient_login_patient_id_seq', 359, true);


--
-- Name: permissions_id_seq; Type: SEQUENCE SET; Schema: public; Owner: postgres
--

SELECT pg_catalog.setval('public.permissions_id_seq', 11, true);


--
-- Name: player_id_seq; Type: SEQUENCE SET; Schema: public; Owner: postgres
--

SELECT pg_catalog.setval('public.player_id_seq', 28, true);


--
-- Name: role_permissions_id_seq; Type: SEQUENCE SET; Schema: public; Owner: postgres
--

SELECT pg_catalog.setval('public.role_permissions_id_seq', 9, true);


--
-- Name: roles_roles_id_seq; Type: SEQUENCE SET; Schema: public; Owner: postgres
--

SELECT pg_catalog.setval('public.roles_roles_id_seq', 1, false);


--
-- Name: user_role_id_seq; Type: SEQUENCE SET; Schema: public; Owner: postgres
--

SELECT pg_catalog.setval('public.user_role_id_seq', 54, true);


--
-- Name: account account_id; Type: CONSTRAINT; Schema: public; Owner: postgres
--

ALTER TABLE ONLY public.account
    ADD CONSTRAINT account_id PRIMARY KEY (account_id);


--
-- Name: patient patient_id; Type: CONSTRAINT; Schema: public; Owner: postgres
--

ALTER TABLE ONLY public.patient
    ADD CONSTRAINT patient_id PRIMARY KEY (patient_id);


--
-- Name: permissions permissions_pkey; Type: CONSTRAINT; Schema: public; Owner: postgres
--

ALTER TABLE ONLY public.permissions
    ADD CONSTRAINT permissions_pkey PRIMARY KEY (id);


--
-- Name: role_permissions role_permissions_pkey; Type: CONSTRAINT; Schema: public; Owner: postgres
--

ALTER TABLE ONLY public.role_permissions
    ADD CONSTRAINT role_permissions_pkey PRIMARY KEY (id);


--
-- Name: roles roles_id; Type: CONSTRAINT; Schema: public; Owner: postgres
--

ALTER TABLE ONLY public.roles
    ADD CONSTRAINT roles_id PRIMARY KEY (roles_id);


--
-- Name: user_role user_role_pkey; Type: CONSTRAINT; Schema: public; Owner: postgres
--

ALTER TABLE ONLY public.user_role
    ADD CONSTRAINT user_role_pkey PRIMARY KEY (id);


--
-- Name: users users_email_key; Type: CONSTRAINT; Schema: public; Owner: postgres
--

ALTER TABLE ONLY public.users
    ADD CONSTRAINT users_email_key UNIQUE (email);


--
-- Name: users users_pkey; Type: CONSTRAINT; Schema: public; Owner: postgres
--

ALTER TABLE ONLY public.users
    ADD CONSTRAINT users_pkey PRIMARY KEY (id);


--
-- Name: fki_permissionId; Type: INDEX; Schema: public; Owner: postgres
--

CREATE INDEX "fki_permissionId" ON public.role_permissions USING btree ("permissionId");


--
-- Name: fki_roleId; Type: INDEX; Schema: public; Owner: postgres
--

CREATE INDEX "fki_roleId" ON public.role_permissions USING btree ("roleId");


--
-- Name: fki_user_to_account; Type: INDEX; Schema: public; Owner: postgres
--

CREATE INDEX fki_user_to_account ON public.users USING btree (account_id);


--
-- Name: role_permissions permissionId; Type: FK CONSTRAINT; Schema: public; Owner: postgres
--

ALTER TABLE ONLY public.role_permissions
    ADD CONSTRAINT "permissionId" FOREIGN KEY ("permissionId") REFERENCES public.permissions(id) NOT VALID;


--
-- Name: role_permissions roleId; Type: FK CONSTRAINT; Schema: public; Owner: postgres
--

ALTER TABLE ONLY public.role_permissions
    ADD CONSTRAINT "roleId" FOREIGN KEY ("roleId") REFERENCES public.roles(roles_id) NOT VALID;


--
-- Name: users user_to_account; Type: FK CONSTRAINT; Schema: public; Owner: postgres
--

ALTER TABLE ONLY public.users
    ADD CONSTRAINT user_to_account FOREIGN KEY (account_id) REFERENCES public.account(account_id) NOT VALID;


--
-- Name: SCHEMA public; Type: ACL; Schema: -; Owner: postgres
--

REVOKE ALL ON SCHEMA public FROM rdsadmin;
REVOKE ALL ON SCHEMA public FROM PUBLIC;
GRANT ALL ON SCHEMA public TO postgres;
GRANT ALL ON SCHEMA public TO PUBLIC;


--
-- PostgreSQL database dump complete
--

